JobName,ConnectorName,ConnectorType,IsActive,Level,ConfigTemplate,ConfigId
OTM-CLI-G001,OTM-CLI-G001,Oracle,1,4,"{
  ""connector.class"": ""io.debezium.connector.oracle.OracleConnector"",
  ""compression.type"": ""gzip"",
  ""max.queue.size"": ""16384"",
  ""topic.creation.default.partitions"": ""1"",
  ""timestampConverter.format.date"": ""yyyy-MM-dd HH:mm:ss"",
  ""enable.idempotence"": ""true"",
  ""schema.include.list"": ""GLOGOWNER"",
  ""log.mining.transaction.retention.ms"": ""172800000"",
  ""delivery.timeout.ms"": ""600000"",
  ""retry.backoff.ms"": ""1000"",
  ""log.mining.strategy"": ""online_catalog"",
  ""buffer.memory"": ""67108864"",
  ""include.schema.changes"": ""true"",
  ""schema.history.internal.store.only.captured.tables.ddl"": ""true"",
  ""tombstones.on.delete"": ""false"",
  ""topic.prefix"": ""CDC.OTM-CLI"",
  ""decimal.handling.mode"": ""double"",
  ""schema.history.internal.kafka.topic"": ""schemahistory.OTM-CLI-G001"",
  ""timestampConverter.format.datetime"": ""yyyy-MM-dd HH:mm:ss"",
  ""topic.creation.default.replication.factor"": ""3"",
  ""converters"": ""timestampConverter"",
  ""value.converter"": ""org.apache.kafka.connect.json.JsonConverter"",
  ""max.in.flight.requests.per.connection"": ""5"",
  ""errors.log.enable"": ""true"",
  ""database.user"": ""{user}"",
  ""database.dbname"": ""GLOGOWNER"",
  ""timestampConverter.debug"": ""false"",
  ""log.mining.batch.size.max"": ""10000"",
  ""timestampConverter.type"": ""oryanmoshe.kafka.connect.util.TimestampConverter"",
  ""request.timeout.ms"": ""300000"",
  ""log.mining.buffer.type"": ""memory"",
  ""acks"": ""all"",
  ""batch.size"": ""32768"",
  ""database.url"": ""{url}"",
  ""timestampConverter.format.time"": ""HH:mm:ss"",
  ""offset.flush.timeout.ms"": ""60000"",
  ""schema.history.internal.kafka.bootstrap.servers"": ""{kafka_server}"",
  ""event.processing.failure.handling.mode"": ""warn"",
  ""schema.history.internal.skip.unparseable.ddl"": ""true"",
  ""topic.creation.enable"": ""true"",
  ""retries"": ""10"",
  ""max.request.size"": ""2097152"",
  ""database.password"": ""{pwd}"",
  ""value.converter.schemas.enable"": ""false"",
  ""name"": ""OTM-CLI-G001"",
  ""table.include.list"": ""GLOGOWNER.CURRENCY,GLOGOWNER.LOCATION,GLOGOWNER.LOCATION_ADDRESS,GLOGOWNER.LOCATION_REFNUM,GLOGOWNER.LOCATION_ROLE_PROFILE,GLOGOWNER.INVOICE,GLOGOWNER.INVOICE_STATUS,GLOGOWNER.LOCATION_PROFILE_DETAIL,GLOGOWNER.VAT_RATE,GLOGOWNER.STATUS_VALUE,GLOGOWNER.SHIP_UNIT_SPEC,GLOGOWNER.SERVPROV,GLOGOWNER.OB_SHIP_UNIT,GLOGOWNER.SHIP_UNIT,GLOGOWNER.SHIPMENT_COST,GLOGOWNER.INVOICE_INVOLVED_PARTY,GLOGOWNER.VAT_ANALYSIS,GLOGOWNER.INVOICE_LINEITEM,GLOGOWNER.SHIPMENT_BILL,GLOGOWNER.SHIPMENT_S_EQUIPMENT_JOIN,GLOGOWNER.S_EQUIPMENT_S_SHIP_UNIT_JOIN,GLOGOWNER.S_SHIP_UNIT_LINE,GLOGOWNER.INVOICE_SHIPMENT,GLOGOWNER.SHIPMENT_INVOLVED_PARTY,GLOGOWNER.CURRENCY_EXCHANGE_RATE,GLOGOWNER.SHIPMENT,GLOGOWNER.OB_ORDER_BASE,GLOGOWNER.ORDER_MOVEMENT,GLOGOWNER.ORDER_RELEASE,GLOGOWNER.SHIPMENT_REFNUM,GLOGOWNER.SHIPMENT_STATUS,GLOGOWNER.ORDER_RELEASE_REFNUM,GLOGOWNER.SHIPMENT_STOP,GLOGOWNER.IE_SHIPMENTSTATUS,GLOGOWNER.ORDER_MOVEMENT_D,GLOGOWNER.RATE_GEO,GLOGOWNER.RATE_OFFERING,GLOGOWNER.OB_REFNUM"",
  ""max.batch.size"": ""4096"",
  ""snapshot.mode"": ""no_data""
}",318
TOPO-CLI-G041,TOPO-CLI-G041.010,Oracle,1,4,"{
  ""connector.class"": ""io.debezium.connector.oracle.OracleConnector"",
  ""message.key.columns"": ""TOPOVN.VES_ROTATION:VES_ID,VES_SERVICE,DISCH_PORT,SEQ_NO;TOPOVN.TRUCK_VIOLATION_PSAFEC3:ID,TRUCK_ID;TOPOVN.TRK_MASTER:TRK_ID;TOPOVN.THU_TUC_HAI_QUAN:ITEM_KEY,LOAI_HANG;TOPOVN.ITEM_LOCATION:ITEM_KEY,ID;TOPOVN.CUSTOMER:CUST_REG_NO;TOPOVN.ITEM_PTI:ITEM_KEY,PTI_METHOD,PTI_DATE;TOPOVN.CUSTOMER_CUSTOMS_DECLARATION:ID;TOPOVN.CTNR_MOVE_REG_DETAILS:ID;TOPOVN.CHASSIS:CHASSIS_KEY,CHASSIS_ID;TOPOVN.ITEM_DAMAGE:ITEM_KEY,DAMAGE_CD,DAMAGE_SEQ,CRT_TS;DEPOT:SITE_ID"",
  ""topic.creation.default.partitions"": ""3"",
  ""schema.include.list"": ""TOPOVN"",
  ""log.mining.sleep.time.min.ms"": ""0"",
  ""include.schema.changes"": ""true"",
  ""timestampConverter.format.datetime"": ""yyyy-MM-dd HH:mm:ss"",
  ""topic.creation.default.replication.factor"": ""3"",
  ""converters"": ""timestampConverter"",
  ""log.mining.sleep.time.max.ms"": ""3000"",
  ""log.mining.scn.gap.detection.gap.size.min"": ""1000000"",
  ""database.user"": ""{user}"",
  ""database.dbname"": ""TOPOVN"",
  ""log.mining.sleep.time.default.ms"": ""1000"",
  ""schema.history.internal.kafka.bootstrap.servers"": ""{kafka_server}"",
  ""log.mining.batch.size.increment"": ""20000"",
  ""schema.history.internal.skip.unparseable.ddl"": ""true"",
  ""topic.creation.enable"": ""true"",
  ""database.password"": ""{pwd}"",
  ""name"": ""TOPO-CLI-G041.010"",
  ""value.converter.schemas.enable"": ""false"",
  ""max.batch.size"": ""8192"",
  ""log.mining.scn.gap.detection.time.interval.max.ms"": ""10000"",
  ""snapshot.mode"": ""no_data"",
  ""max.queue.size"": ""16384"",
  ""timestampConverter.format.date"": ""yyyy-MM-dd HH:mm:ss"",
  ""log.mining.transaction.retention.ms"": ""900000"",
  ""log.mining.strategy"": ""online_catalog"",
  ""buffer.memory"": ""67108864"",
  ""schema.history.internal.store.only.captured.tables.ddl"": ""true"",
  ""tombstones.on.delete"": ""false"",
  ""topic.prefix"": ""CDC.TOPO-CLI"",
  ""decimal.handling.mode"": ""double"",
  ""schema.history.internal.kafka.topic"": ""schema-history.TOPO-CLI-G041.010"",
  ""value.converter"": ""org.apache.kafka.connect.json.JsonConverter"",
  ""timestampConverter.debug"": ""false"",
  ""log.mining.batch.size.max"": ""60000"",
  ""timestampConverter.type"": ""oryanmoshe.kafka.connect.util.TimestampConverter"",
  ""database.connection.adapter"": ""logminer_unbuffered"",
  ""log.mining.buffer.type"": ""memory"",
  ""database.url"": ""{url}"",
  ""log.mining.view.fetch.size"": ""1000"",
  ""timestampConverter.format.time"": ""HH:mm:ss"",
  ""event.processing.failure.handling.mode"": ""warn"",
  ""schema.history.internal.kafka.recovery.poll.interval.ms"": ""200"",
  ""log.mining.session.max.ms"": ""900000"",
  ""log.mining.query.filter.mode"": ""in"",
  ""log.mining.batch.size.min"": ""10000"",
  ""log.mining.batch.size.default"": ""40000"",
  ""table.include.list"": ""TOPOVN.CTNR_MOVE_REG_DETAILS,TOPOVN.CUSTOMER,TOPOVN.ITEM_LOCATION,TOPOVN.ITEM_PTI,TOPOVN.CUSTOMER_CUSTOMS_DECLARATION,TOPOVN.THU_TUC_HAI_QUAN,TOPOVN.VES_ROTATION,TOPOVN.ITEM_DAMAGE,TOPOVN.ITEM_VGM,TOPOVN.YARD_AREA_OPERATION,TOPOVN.DEPOT,TOPOVN.DATA_GROUP,TOPOVN.OPERATOR,TOPOVN.ITEM_DANGEROUS,TOPOVN.ITEM_OOG,TOPOVN.VESSEL_ITEM_CHARGES,TOPOVN.DEBIT_PAYMENTREQUEST_HEADER,TOPOVN.DISCH_DANGEROUS,TOPOVN.BAPLIE_DANGEROUS,TOPOVN.DISCH_OOG,TOPOVN.PAYMENT_METHOD,TOPOVN.TRK_MASTER,TOPOVN.CHASSIS,TOPOVN.TRUCK_VIOLATION_PSAFEC3,TOPOVN.VESSEL_DETAILS_OPS,TOPOVN.ITEM_COMMODITY,TOPOVN.REEFER_MONITOR,TOPOVN.ITEM_NATIS""
}",321
TOPO-CLI-G042,TOPO-CLI-G042.009,Oracle,1,4,"{
  ""connector.class"": ""io.debezium.connector.oracle.OracleConnector"",
  ""message.key.columns"": ""TOPOVN.CHARGE_CODES:CHARGE_CD,PAYMENT_METHOD;TOPOVN.PREGATE_REEFER:EIR_ID;TOPOVN.DISCHARGE_LIST_COMMENTS:MANIFEST_KEY,COMMENTS,COMMENT_SEQ;TOPOVN.CONVERT_ISO:ORIGINAL_ISO,ISO,LINE_OPER;TOPOVN.SEAL_MANAGEMENT_MASTER:ID;TOPOVN.PREGATE_TRANSACT:EIR_ID,ITEM_KEY;TOPOVN.CONVERT_TO_ISO:ISO;TOPOVN.RA_SPECIFIC_CTRS:RA_KEY;TOPOVN.DISCHARGE_LIST:MANIFEST_KEY;TOPOVN.ITEM_STRIP_STUFF:STUSTR_EIR_ID;TOPOVN.FREE_RULES:ID;TOPOVN.CONFIG_STOPCODE:STOP_CODE;TOPOVN.PORTCODE:PORT;TOPOVN.DAMAGE_CODE:DAMAGE_CD;TOPOVN.CTNR_MOVE_REG_MASTER:REG_ID;TOPOVN.RA_MTY:RA_KEY;TOPOVN.RA_COMMON:RAC_KEY;TOPOVN.CONTAINER_STRUCTURE:ITEM_NO;TOPOVN.ITEM_CHARGES:ID;TOPOVN.CHE_MASTER:CHE_ID,INTERNAL_CHE_ID;TOPOVN.GATE_NO_INFO:GATE_NO;TOPOVN.EMPTY_RECEIV_DETAIL:RA_KEY,ITEM_NO;TOPOVN.GATE_LANE_INFO:GATE_NO,LANE_NO;TOPOVN.AGENT:AGENT,EXPIRY_TS,LINE_OPER,IS_CONT_AGENT,IS_BILL_AGENT"",
  ""topic.creation.default.partitions"": ""3"",
  ""schema.include.list"": ""TOPOVN"",
  ""log.mining.sleep.time.min.ms"": ""0"",
  ""include.schema.changes"": ""true"",
  ""timestampConverter.format.datetime"": ""yyyy-MM-dd HH:mm:ss"",
  ""topic.creation.default.replication.factor"": ""3"",
  ""converters"": ""timestampConverter"",
  ""log.mining.sleep.time.max.ms"": ""3000"",
  ""log.mining.scn.gap.detection.gap.size.min"": ""1000000"",
  ""database.user"": ""{user}"",
  ""database.dbname"": ""${file:/opt/kafka-connect/secrets/topo-cli-credential.properties:db.dbname}"",
  ""log.mining.sleep.time.default.ms"": ""1000"",
  ""schema.history.internal.kafka.bootstrap.servers"": ""{kafka_server}"",
  ""log.mining.batch.size.increment"": ""20000"",
  ""schema.history.internal.skip.unparseable.ddl"": ""true"",
  ""topic.creation.enable"": ""true"",
  ""database.password"": ""{pwd}"",
  ""value.converter.schemas.enable"": ""false"",
  ""name"": ""TOPO-CLI-G042.009"",
  ""max.batch.size"": ""8192"",
  ""log.mining.scn.gap.detection.time.interval.max.ms"": ""10000"",
  ""snapshot.mode"": ""no_data"",
  ""max.queue.size"": ""16384"",
  ""timestampConverter.format.date"": ""yyyy-MM-dd HH:mm:ss"",
  ""log.mining.transaction.retention.ms"": ""900000"",
  ""log.mining.strategy"": ""online_catalog"",
  ""buffer.memory"": ""67108864"",
  ""schema.history.internal.store.only.captured.tables.ddl"": ""true"",
  ""tombstones.on.delete"": ""false"",
  ""topic.prefix"": ""CDC.TOPO-CLI"",
  ""decimal.handling.mode"": ""double"",
  ""schema.history.internal.kafka.topic"": ""schema-history.TOPO-CLI-G042.009"",
  ""value.converter"": ""org.apache.kafka.connect.json.JsonConverter"",
  ""timestampConverter.debug"": ""false"",
  ""timestampConverter.type"": ""oryanmoshe.kafka.connect.util.TimestampConverter"",
  ""log.mining.batch.size.max"": ""60000"",
  ""database.connection.adapter"": ""logminer_unbuffered"",
  ""log.mining.buffer.type"": ""memory"",
  ""database.url"": ""{url}"",
  ""timestampConverter.format.time"": ""HH:mm:ss"",
  ""log.mining.view.fetch.size"": ""1000"",
  ""event.processing.failure.handling.mode"": ""warn"",
  ""log.mining.session.max.ms"": ""900000"",
  ""log.mining.query.filter.mode"": ""in"",
  ""log.mining.batch.size.min"": ""10000"",
  ""log.mining.batch.size.default"": ""40000"",
  ""table.include.list"": ""TOPOVN.AGENT,TOPOVN.CHARGE_CODES,TOPOVN.CHE_MASTER,TOPOVN.CONFIG_STOPCODE,TOPOVN.CONVERT_ISO,TOPOVN.CONVERT_TO_ISO,TOPOVN.CTNR_MOVE_REG_MASTER,TOPOVN.DAMAGE_CODE,TOPOVN.DISCHARGE_LIST,TOPOVN.EMPTY_RECEIV_DETAIL,TOPOVN.FREE_RULES,TOPOVN.GATE_LANE_INFO,TOPOVN.GATE_NO_INFO,TOPOVN.ITEM_CHARGES,TOPOVN.ITEM_STRIP_STUFF,TOPOVN.PORTCODE,TOPOVN.PREGATE_REEFER,TOPOVN.PREGATE_TRANSACT,TOPOVN.RA_COMMON,TOPOVN.RA_MTY,TOPOVN.RA_SPECIFIC_CTRS,TOPOVN.SEAL_MANAGEMENT_MASTER,TOPOVN.DISCHARGE_LIST_COMMENTS,TOPOVN.CONTAINER_STRUCTURE,TOPOVN.CUSTOM_CLEARANCE,TOPOVN.PRODUCTIVITY,TOPOVN.GATE_CHECK_CTR,TOPOVN.DRIVER_CONFIRMATIONS,TOPOVN.INTFHQ_CUSTOMS_DECL_CTNR,TOPOVN.INTFHQ_CUSTOMS_DECLARATION""
}",322
TOPO-CLI-G043,TOPO-CLI-G043.008,Oracle,1,4,"{
  ""connector.class"": ""io.debezium.connector.oracle.OracleConnector"",
  ""message.key.columns"": ""TOPOVN.EDI_ITEM_PRE_ADVICE:ITEM_KEY;TOPOVN.LINE_OPER:LINE_OPER;TOPOVN.YARD_AREA:STACK,FR_DATE,TO_DATE;TOPOVN.ITEM_STOPS:ITEM_KEY,STOP_CD;TOPOVN.OPERATION_METHOD:OPERATION_METHOD;TOPOVN.ITEM_SPECIAL_HANDLING:ITEM_KEY,CODE;TOPOVN.ITEM_SEAL:ITEM_KEY,SEAL_TYPE,SEAL_NO,SITE_ID,SEAL_SEQ,SEAL_REMOVING_DATE,INVALID_SEAL;TOPOVN.VESSELS:VES_CD;TOPOVN.SYS_CODES:CODE_TP,CODE_REF;TOPOVN.ITEM_COMMENTS:ITEM_KEY,COMMENT_SEQ,CRT_TS;TOPOVN.VESSEL_DETAILS:VES_ID;TOPOVN.VES_SERVICE:VES_SERVICE,DISCH_PORT,SEQ_NO;TOPOVN.TRK_TRANSACT:EIR_ID,ITEM_KEY,TRK_KEY;TOPOVN.ITEM:ITEM_KEY;TOPOVN.SPECIAL_HDL_CODE:SPECIAL_HDL_CODE,SPECIAL_HDL_DESC;TOPOVN.INVOICE:INVOICE_NO,INTERNAL_BOOK_NUMBER;TOPOVN.TRUCK:TRK_KEY;TOPOVN.ITEM_REEFER:ITEM_KEY;TOPOVN.PREGATE:CHARGE_BATCH_ID"",
  ""topic.creation.default.partitions"": ""3"",
  ""schema.include.list"": ""TOPOVN"",
  ""log.mining.sleep.time.min.ms"": ""0"",
  ""include.schema.changes"": ""true"",
  ""timestampConverter.format.datetime"": ""yyyy-MM-dd HH:mm:ss"",
  ""topic.creation.default.replication.factor"": ""3"",
  ""converters"": ""timestampConverter"",
  ""log.mining.sleep.time.max.ms"": ""3000"",
  ""log.mining.scn.gap.detection.gap.size.min"": ""1000000"",
  ""database.user"": ""{user}"",
  ""database.dbname"": ""TOPOVN"",
  ""log.mining.sleep.time.default.ms"": ""1000"",
  ""schema.history.internal.kafka.bootstrap.servers"": ""{kafka_server}"",
  ""log.mining.batch.size.increment"": ""20000"",
  ""schema.history.internal.skip.unparseable.ddl"": ""true"",
  ""topic.creation.enable"": ""true"",
  ""database.password"": ""{pwd}"",
  ""name"": ""TOPO-CLI-G043.008"",
  ""value.converter.schemas.enable"": ""false"",
  ""max.batch.size"": ""8192"",
  ""log.mining.scn.gap.detection.time.interval.max.ms"": ""10000"",
  ""snapshot.mode"": ""no_data"",
  ""max.queue.size"": ""16384"",
  ""timestampConverter.format.date"": ""yyyy-MM-dd HH:mm:ss"",
  ""log.mining.transaction.retention.ms"": ""900000"",
  ""log.mining.strategy"": ""online_catalog"",
  ""buffer.memory"": ""67108864"",
  ""schema.history.internal.store.only.captured.tables.ddl"": ""true"",
  ""tombstones.on.delete"": ""false"",
  ""topic.prefix"": ""CDC.TOPO-CLI"",
  ""decimal.handling.mode"": ""double"",
  ""schema.history.internal.kafka.topic"": ""schemahistory.TOPO-CLI-G043.008"",
  ""value.converter"": ""org.apache.kafka.connect.json.JsonConverter"",
  ""timestampConverter.debug"": ""false"",
  ""log.mining.batch.size.max"": ""60000"",
  ""timestampConverter.type"": ""oryanmoshe.kafka.connect.util.TimestampConverter"",
  ""database.connection.adapter"": ""logminer_unbuffered"",
  ""log.mining.buffer.type"": ""memory"",
  ""database.url"": ""{url}"",
  ""log.mining.view.fetch.size"": ""1000"",
  ""timestampConverter.format.time"": ""HH:mm:ss"",
  ""event.processing.failure.handling.mode"": ""warn"",
  ""log.mining.session.max.ms"": ""900000"",
  ""log.mining.query.filter.mode"": ""in"",
  ""log.mining.batch.size.min"": ""10000"",
  ""log.mining.batch.size.default"": ""40000"",
  ""table.include.list"": ""TOPOVN.INVOICE,TOPOVN.ITEM,TOPOVN.ITEM_COMMENTS,TOPOVN.ITEM_REEFER,TOPOVN.ITEM_SEAL,TOPOVN.ITEM_SPECIAL_HANDLING,TOPOVN.ITEM_STOPS,TOPOVN.LINE_OPER,TOPOVN.OPERATION_METHOD,TOPOVN.SPECIAL_HDL_CODE,TOPOVN.SYS_CODES,TOPOVN.TRK_TRANSACT,TOPOVN.TRUCK,TOPOVN.VES_SERVICE,TOPOVN.VESSEL_DETAILS,TOPOVN.VESSELS,TOPOVN.YARD_AREA,TOPOVN.EDI_ITEM_PRE_ADVICE,TOPOVN.PREGATE,TOPOVN.INVOICE_SERIES,TOPOVN.ITEM_CHARGE_DIFF_CODE,TOPOVN.EIR_TRANSACT,TOPOVN.INVOICE_DETAILS,TOPOVN.DEBIT_CUSTOMER,TOPOVN.ITEM_EXTRA_RATE,TOPOVN.ITEM_CHANGE_DEPATURE,TOPOVN.DEBIT_PAYMENTREQUEST_DETAIL""
}",323
TOPO-TCH-G028,TOPO-TCH-G028.004,Oracle,1,4,"{
  ""connector.class"": ""io.debezium.connector.oracle.OracleConnector"",
  ""message.key.columns"": ""TOPOVN.AGENT_CDC:AGENT,EXPIRY_TS,LINE_OPER,IS_CONT_AGENT,IS_BILL_AGENT;TOPOVN.CUSTOMER_CDC:CUST_REG_NO"",
  ""topic.creation.default.partitions"": ""1"",
  ""transforms"": ""filterOldDeletes"",
  ""schema.include.list"": ""TOPOVN"",
  ""include.schema.changes"": ""true"",
  ""transforms.filterOldDeletes.filter.date.cutoff"": ""2025-01-01"",
  ""timestampConverter.format.datetime"": ""yyyy-MM-dd HH:mm:ss"",
  ""topic.creation.default.replication.factor"": ""3"",
  ""converters"": ""timestampConverter"",
  ""database.user"": ""{user}"",
  ""database.dbname"": ""TOPOVN"",
  ""request.timeout.ms"": ""300000"",
  ""acks"": ""all"",
  ""schema.history.internal.kafka.bootstrap.servers"": ""{kafka_server}"",
  ""schema.history.internal.skip.unparseable.ddl"": ""true"",
  ""topic.creation.enable"": ""true"",
  ""retries"": ""10"",
  ""database.password"": ""{pwd}"",
  ""value.converter.schemas.enable"": ""false"",
  ""name"": ""TOPO-TCH-G028.004"",
  ""max.batch.size"": ""4096"",
  ""snapshot.mode"": ""no_data"",
  ""compression.type"": ""gzip"",
  ""max.queue.size"": ""16384"",
  ""timestampConverter.format.date"": ""yyyy-MM-dd HH:mm:ss"",
  ""enable.idempotence"": ""true"",
  ""log.mining.transaction.retention.ms"": ""900000"",
  ""delivery.timeout.ms"": ""600000"",
  ""retry.backoff.ms"": ""1000"",
  ""transforms.filterOldDeletes.filter.tables"": ""PREGATE_TRANSACT"",
  ""log.mining.strategy"": ""online_catalog"",
  ""buffer.memory"": ""67108864"",
  ""transforms.filterOldDeletes.filter.ops"": ""d"",
  ""schema.history.internal.store.only.captured.tables.ddl"": ""true"",
  ""tombstones.on.delete"": ""false"",
  ""topic.prefix"": ""CDC.TOPO-TCH"",
  ""decimal.handling.mode"": ""double"",
  ""schema.history.internal.kafka.topic"": ""schema-history.TOPO-TCH-G028.004"",
  ""transforms.filterOldDeletes.filter.date.fields"": ""CRT_TS"",
  ""value.converter"": ""org.apache.kafka.connect.json.JsonConverter"",
  ""max.in.flight.requests.per.connection"": ""5"",
  ""timestampConverter.debug"": ""false"",
  ""timestampConverter.type"": ""oryanmoshe.kafka.connect.util.TimestampConverter"",
  ""transforms.filterOldDeletes.type"": ""com.example.smt.FilterDebeziumOpByDate"",
  ""log.mining.buffer.type"": ""memory"",
  ""batch.size"": ""32768"",
  ""database.url"": ""{url}"",
  ""timestampConverter.format.time"": ""HH:mm:ss"",
  ""offset.flush.timeout.ms"": ""60000"",
  ""event.processing.failure.handling.mode"": ""warn"",
  ""max.request.size"": ""2097152"",
  ""table.include.list"": ""TOPOVN.ITEM_LOCATION,TOPOVN.CTNR_MOVE_REG_DETAILS,TOPOVN.CUSTOMER,TOPOVN.ITEM_PTI,TOPOVN.DISCH_REEFER,TOPOVN.DISCH_SEAL,TOPOVN.DISCH_SPECIAL_HANDLING,TOPOVN.VES_ROTATION,TOPOVN.ITEM_DAMAGE,TOPOVN.VESSEL_DETAILS_OPS,TOPOVN.VES_ROTATION,TOPOVN.AGENT_CDC,TOPOVN.CUSTOMER_CDC,TOPOVN.INVOICE,TOPOVN.ITEM,TOPOVN.ITEM_COMMENTS,TOPOVN.ITEM_REEFER,TOPOVN.ITEM_SEAL,TOPOVN.ITEM_SPECIAL_HANDLING,TOPOVN.ITEM_STOPS,TOPOVN.LINE_OPER,TOPOVN.OPERATION_METHOD,TOPOVN.SPECIAL_HDL_CODE,TOPOVN.SYS_CODES,TOPOVN.TRK_TRANSACT,TOPOVN.TRUCK,TOPOVN.VES_SERVICE,TOPOVN.VESSEL_DETAILS,TOPOVN.VESSELS,TOPOVN.YARD_AREA,TOPOVN.EDI_ITEM_PRE_ADVICE,TOPOVN.PREGATE,TOPOVN.DEV_DATA_AGENT,TOPOVN.AGENT,TOPOVN.CHARGE_CODES,TOPOVN.CHE_MASTER,TOPOVN.CONFIG_STOPCODE,TOPOVN.CONVERT_ISO,TOPOVN.CONVERT_TO_ISO,TOPOVN.CTNR_MOVE_REG_MASTER,TOPOVN.DAMAGE_CODE,TOPOVN.DISCHARGE_LIST,TOPOVN.EMPTY_RECEIV_DETAIL,TOPOVN.FREE_RULES,TOPOVN.GATE_LANE_INFO,TOPOVN.GATE_NO_INFO,TOPOVN.ITEM_CHARGES,TOPOVN.ITEM_STRIP_STUFF,TOPOVN.PORTCODE,TOPOVN.PREGATE_REEFER,TOPOVN.PREGATE_TRANSACT,TOPOVN.RA_COMMON,TOPOVN.RA_MTY,TOPOVN.RA_SPECIFIC_CTRS,TOPOVN.SEAL_MANAGEMENT_MASTER,TOPOVN.DISCHARGE_LIST_COMMENTS,TOPOVN.CONTAINER_STRUCTURE,TOPOVN.AGENT_CDC,TOPOVN.CUSTOMER_CDC""
}",326
TOPO-TCI-G001,TOPO-TCI-G001.003,Oracle,1,4,"{
  ""connector.class"": ""io.debezium.connector.oracle.OracleConnector"",
  ""max.queue.size"": ""500"",
  ""timestampConverter.format.date"": ""yyyy-MM-dd HH:mm:ss"",
  ""topic.creation.default.partitions"": ""1"",
  ""log.mining.transaction.retention.ms"": ""900000"",
  ""schema.include.list"": ""TOPOVN"",
  ""log.mining.sleep.time.min.ms"": ""10000"",
  ""log.mining.strategy"": ""online_catalog"",
  ""include.schema.changes"": ""true"",
  ""schema.history.internal.store.only.captured.tables.ddl"": ""false"",
  ""tombstones.on.delete"": ""false"",
  ""topic.prefix"": ""CDC.TOPO-TCI"",
  ""decimal.handling.mode"": ""double"",
  ""schema.history.internal.kafka.topic"": ""schema-history.TOPO-TCI-G001.003"",
  ""timestampConverter.format.datetime"": ""yyyy-MM-dd HH:mm:ss"",
  ""topic.creation.default.replication.factor"": ""1"",
  ""converters"": ""timestampConverter"",
  ""value.converter"": ""org.apache.kafka.connect.json.JsonConverter"",
  ""key.converter"": ""org.apache.kafka.connect.json.JsonConverter"",
  ""log.mining.sleep.time.max.ms"": ""300000"",
  ""log.mining.scn.gap.detection.gap.size.min"": ""1000000"",
  ""database.dbname"": ""TOPOVN"",
  ""database.user"": ""{user}"",
  ""timestampConverter.debug"": ""false"",
  ""log.mining.batch.size.max"": ""20000"",
  ""timestampConverter.type"": ""oryanmoshe.kafka.connect.util.TimestampConverter"",
  ""log.mining.sleep.time.default.ms"": ""30000"",
  ""log.mining.buffer.type"": ""memory"",
  ""database.url"": ""{url}"",
  ""log.mining.view.fetch.size"": ""1000"",
  ""timestampConverter.format.time"": ""HH:mm:ss"",
  ""event.processing.failure.handling.mode"": ""warn"",
  ""schema.history.internal.kafka.bootstrap.servers"": ""{kafka_server}"",
  ""log.mining.batch.size.increment"": ""100"",
  ""schema.history.internal.skip.unparseable.ddl"": ""false"",
  ""topic.creation.enable"": ""true"",
  ""key.converter.schemas.enable"": ""false"",
  ""log.mining.query.filter.mode"": ""in"",
  ""database.password"": ""{pwd}"",
  ""log.mining.batch.size.min"": ""100"",
  ""log.mining.batch.size.default"": ""250"",
  ""value.converter.schemas.enable"": ""false"",
  ""name"": ""TOPO-TCI-G001.003"",
  ""max.batch.size"": ""50"",
  ""table.include.list"": ""TOPOVN.VESSELS,TOPOVN.VESSELS_DETAILS,TOPOVN.DISCHARGE_LIST,TOPOVN.DISCH_SEAL,TOPOVN.DISCH_REEFER,TOPOVN.DISCH_DANGEROUS,TOPOVN.DISCH_OOG,TOPOVN.DISCH_SPECIAL_HANDLING,TOPOVN.DISCHARGE_LIST_COMMENTS,TOPOVN.ITEM,TOPOVN.ITEM_DANGEROUS,TOPOVN.ITEM_LOCATION,TOPOVN.ITEM_OOG,TOPOVN.ITEM_REEFER,TOPOVN.THU_TUC_HAI_QUAN,TOPOVN.CUSTOM_CLEARANCE,TOPOVN.AGENT,TOPOVN.LINE_OPER,TOPOVN.CONVERT_TO_ISO,TOPOVN.SYS_CODES"",
  ""log.mining.scn.gap.detection.time.interval.max.ms"": ""10000"",
  ""snapshot.mode"": ""no_data""
}",330
